Epoch,Train Loss,Val Loss,Train Accuracy,Val Accuracy,lr
1,3.654,3.9809,0.1574,0.1303,0.0005
2,3.0426,3.0053,0.3008,0.3297,0.0005
3,2.7805,2.6511,0.3725,0.42,0.0005
4,2.5957,2.7586,0.4179,0.3834,0.0005
5,2.4305,2.4757,0.4632,0.4441,0.0005
6,2.3108,2.4598,0.5019,0.4586,0.0005
7,2.191,2.7829,0.5359,0.3834,0.0005
8,2.0826,2.218,0.5641,0.5221,0.0005
9,2.0032,2.425,0.587,0.4862,0.0005
10,1.9231,2.0448,0.6085,0.5807,0.0005
11,1.856,2.0954,0.6231,0.5476,0.0005
12,1.7745,2.2599,0.6456,0.5503,0.0005
13,1.7099,2.2476,0.6669,0.54,0.0005
14,1.657,2.0614,0.6808,0.5986,0.0005
15,1.5922,1.9272,0.6992,0.6069,0.0005
16,1.5008,1.9,0.7231,0.6234,0.000425
17,1.4503,1.8236,0.7372,0.6324,0.000425
18,1.4084,2.1648,0.7534,0.5703,0.000425
19,1.3482,1.8095,0.7696,0.6441,0.000425
20,1.312,1.7715,0.7812,0.6621,0.000425
21,1.2618,1.8454,0.7914,0.6683,0.000425
22,1.2271,1.9958,0.8034,0.6228,0.000425
23,1.1927,1.8712,0.8128,0.6559,0.000425
24,1.1511,2.0195,0.8264,0.609,0.000425
25,1.1156,2.0026,0.8338,0.6255,0.000425
26,1.0762,1.8539,0.8491,0.6752,0.000425
27,1.0434,1.8936,0.8576,0.6503,0.000425
28,1.0073,1.995,0.8683,0.6655,0.000425
29,0.9769,1.9542,0.8794,0.6538,0.000425
30,0.9568,1.8062,0.8858,0.6793,0.000425
31,0.8938,1.8025,0.9075,0.6862,0.000361
32,0.8585,1.957,0.9179,0.6552,0.000361
33,0.8436,1.99,0.9226,0.6634,0.000361
34,0.8334,1.8731,0.924,0.6959,0.000361
35,0.8106,1.8329,0.9303,0.7034,0.000361
36,0.8011,1.9374,0.9345,0.7076,0.000361
37,0.7857,1.952,0.9389,0.6731,0.000361
38,0.7697,2.0436,0.9439,0.6593,0.000361
39,0.755,1.9968,0.9469,0.689,0.000361
40,0.749,2.1088,0.9509,0.6621,0.000361
41,0.7337,1.9538,0.9534,0.6986,0.000361
42,0.7239,1.9917,0.9563,0.6814,0.000361
43,0.7035,2.1023,0.961,0.6648,0.000361
44,0.703,2.0322,0.9614,0.6883,0.000361
45,0.6964,2.0109,0.9633,0.6903,0.000361
46,0.6714,1.9152,0.9703,0.7014,0.000307
47,0.6604,1.8376,0.9739,0.7248,0.000307
48,0.6517,1.897,0.9758,0.7131,0.000307
49,0.6456,1.9712,0.9765,0.6966,0.000307
50,0.634,1.963,0.9805,0.7021,0.000307
51,0.6278,1.931,0.9821,0.7,0.000307
52,0.6293,1.9729,0.9801,0.6938,0.000307
53,0.6259,1.9199,0.9811,0.7083,0.000307
54,0.6187,1.9674,0.982,0.7103,0.000307
55,0.6157,1.9879,0.9834,0.7117,0.000307
56,0.6136,1.9987,0.983,0.7034,0.000307
57,0.6101,1.8462,0.9838,0.7303,0.000307
58,0.6016,2.0155,0.9855,0.6876,0.000307
59,0.5992,1.8804,0.9851,0.7214,0.000307
60,0.5972,1.872,0.9849,0.7193,0.000307
61,0.5813,1.9458,0.9899,0.7014,0.000261
62,0.5792,1.8714,0.9903,0.7283,0.000261
63,0.5749,2.0147,0.9906,0.7048,0.000261
64,0.5741,1.9197,0.9909,0.7186,0.000261
65,0.5675,1.9331,0.9922,0.7193,0.000261
66,0.5686,2.0088,0.9912,0.7076,0.000261
67,0.5663,1.9277,0.9923,0.7221,0.000261
68,0.5646,1.9064,0.9919,0.7241,0.000261
69,0.5654,1.95,0.9904,0.7221,0.000261
70,0.5583,1.8736,0.9926,0.7193,0.000261
71,0.5553,1.8256,0.992,0.7372,0.000261
72,0.5544,1.9135,0.9928,0.7234,0.000261
73,0.5511,1.8983,0.9935,0.7338,0.000261
74,0.5521,1.9638,0.9919,0.7317,0.000261
75,0.5481,1.879,0.9926,0.72,0.000261
76,0.5411,1.8558,0.9946,0.7386,0.000222
77,0.5385,1.8919,0.9957,0.7297,0.000222
78,0.5371,1.854,0.9947,0.7441,0.000222
79,0.5346,1.8789,0.9959,0.7276,0.000222
80,0.5342,1.8801,0.9954,0.7324,0.000222
81,0.5363,1.8349,0.994,0.7352,0.000222
82,0.5302,1.8473,0.9952,0.74,0.000222
83,0.5284,1.891,0.9956,0.7386,0.000222
84,0.5248,1.8768,0.9965,0.74,0.000222
85,0.5254,1.8949,0.9953,0.74,0.000222
86,0.524,1.8786,0.996,0.7393,0.000222
87,0.5217,1.8801,0.996,0.7283,0.000222
88,0.5193,1.8976,0.9962,0.7366,0.000222
89,0.5169,1.8495,0.9963,0.7434,0.000222
90,0.5181,1.8595,0.9965,0.7421,0.000222
91,0.513,1.8738,0.9971,0.7393,0.000189
92,0.5117,1.8351,0.9972,0.7386,0.000189
93,0.5105,1.8469,0.9974,0.7407,0.000189
94,0.5102,1.843,0.9969,0.7421,0.000189
95,0.505,1.8584,0.9981,0.7269,0.000189
96,0.505,1.8616,0.9975,0.7366,0.000189
97,0.5044,1.8314,0.9978,0.7428,0.000189
98,0.504,1.8436,0.9971,0.7297,0.000189
99,0.503,1.8715,0.9972,0.7283,0.000189
100,0.5012,1.8414,0.9976,0.7372,0.000189